ลำดับ,ประเภทการชำระ,ระยะเวลาจัดรายการ,สาขาที่ร่วมรายการ,กลุ่มลูกค้า,เงื่อนไข,สิทธิประโยชน์,การจำกัดสิทธิ์,"รหัสแจก
Gift Voucher ห้างฯ / ศูนย์ฯ",หมายเหตุ
1,ชำระเต็มจำนวน,27 มี.ค. 67 -  30 มิ.ย. 67,แผนก PowerMall/Event Hall เดอะมอลล์ และเดอะมอลล์ไลฟ์สโตร์ ทุกสาขา เอ็มโพเรียม เอ็มสเฟียร์ และพารากอน ยกเว้น บลูพอร์ต หัวหิน,ผู้ถือบัตรเครดิต BANGKOK BANK M VISA ทุกประเภทบัตร,"เมื่อชำระเต็มจำนวนผ่านบัตรเครดิต BANGKOK BANK M VISA ตั้งแต่ 30,000 บาทขึ้นไป / เซลล์สลิป",รับบัตรกำนัลห้างฯมูลค่า 400 บาท,รวม 60 สิทธิ์ ตลอดรายการ,PW053,"1. เฉพาะการใช้จ่ายผ่านบัตรเครดิต Bangkok Bank M VISA แบบชำระเต็มจำนวน 
2. แลกรับบัตรกำนัลห้าง ณ จุดลงทะเบียนที่กำหนด ภายในวันและสาขาเดียวกัน 
3. จำกัดการรับบัตรกำนัลห้างฯ 3,000 บาท/เซลส์สลิป 
4. จำกัดการรับบัตรกำนัลห้างฯสูงสุด 9,000 บาท/หมายเลขสมาชิก M Card /ตลอดรายการ
5. จำกัดสิทธิ์รวม 105 สิทธิ์/ตลอดรายการ
6. บัตรกำนัลห้างฯหมดอายุ  31 ตุลาคม 2567 และบัตรกำนัลห้างฯต้องใช้คู่กับบัตรเครดิต Bangkok Bank M VISA เท่านั้น"
2,,27 มี.ค. 67 -  30 มิ.ย. 67,แผนก PowerMall/Event Hall เดอะมอลล์ และเดอะมอลล์ไลฟ์สโตร์ ทุกสาขา เอ็มโพเรียม เอ็มสเฟียร์ และพารากอน ยกเว้น บลูพอร์ต หัวหิน,ผู้ถือบัตรเครดิต BANGKOK BANK M VISA ทุกประเภทบัตร,"เมื่อชำระเต็มจำนวนผ่านบัตรเครดิต BANGKOK BANK M VISA ตั้งแต่ 70,000 บาทขึ้นไป / เซลล์สลิป","รับบัตรกำนัลห้างฯมูลค่า 2,000 บาท",รวม 25 สิทธิ์ ตลอดรายการ,,
3,,27 มี.ค. 67 -  30 มิ.ย. 67,แผนก PowerMall/Event Hall เดอะมอลล์ และเดอะมอลล์ไลฟ์สโตร์ ทุกสาขา เอ็มโพเรียม เอ็มสเฟียร์ และพารากอน ยกเว้น บลูพอร์ต หัวหิน,ผู้ถือบัตรเครดิต BANGKOK BANK M VISA ทุกประเภทบัตร,"เมื่อชำระเต็มจำนวนผ่านบัตรเครดิต BANGKOK BANK M VISA ตั้งแต่ 100,000 บาทขึ้นไป / เซลล์สลิป","รับบัตรกำนัลห้างฯมูลค่า 3,000 บาท",รวม 20 สิทธิ์ ตลอดรายการ,,
4,แบ่งชำระ 0%,27 มี.ค. 67 -  30 มิ.ย. 67,แผนก PowerMall/Event Hall เดอะมอลล์ และเดอะมอลล์ไลฟ์สโตร์ ทุกสาขา เอ็มโพเรียม พารากอน และเอ็มสเฟียร์ ยกเว้น บลูพอร์ต หัวหิน,ผู้ถือบัตรเครดิต BANGKOK BANK M VISA ทุกประเภทบัตร,"เมื่อแบ่งชำระ 0% 6 เดือน หรือ 10 เดือน ผ่านบัตรเครดิต BANGKOK BANK M VISA ตั้งแต่ 5,000 บาทขึ้นไป / เซลล์สลิป",รับบัตรกำนัลห้างฯมูลค่า 100 บาท,รวม 600 สิทธิ์ ตลอดรายการ,PW053,"1.เฉพาะยอดแบ่งจ่ายผ่านบัตร BANGKOK BANK M VISA 0% นาน 6 เดือน (มียอดขั้นต่ำ 3,000 บาท) หรือ 10 เดือน (มียอดขั้นต่ำ 5,000 บาท)

2. แลกรับบัตรกำนัลห้าง ณ จุดลงทะเบียนที่กำหนด ภายในวันและสาขาเดียวกัน
				
3. จำกัดการรับบัตรกำนัลห้างฯสูงสุด 7,500 บ/เซลส์สลิป

4. จำกัดการรับบัตรกำนัลห้างฯรวมสูงสุด 15,000 บ/หมายเลขสมาชิก M Card /ตลอดรายการ
		
5. บัตรกำนัลห้างไม่สามารถแลกเปลี่ยนหรือทอนเป็นเงินสดได้

6. บัตรกำนัลห้างหมดอายุ 31 ตุลาคม 2567 และบัตรกำนัลต้องใช้คู่กับบัตรเครดิต BANGKOK BANK M VISA เท่านั้น				"
5,,27 มี.ค. 67 -  30 มิ.ย. 67,แผนก PowerMall/Event Hall เดอะมอลล์ และเดอะมอลล์ไลฟ์สโตร์ ทุกสาขา เอ็มโพเรียม พารากอน และเอ็มสเฟียร์ ยกเว้น บลูพอร์ต หัวหิน,ผู้ถือบัตรเครดิต BANGKOK BANK M VISA ทุกประเภทบัตร,"เมื่อแบ่งชำระ 0% 6 เดือน หรือ 10 เดือน ผ่านบัตรเครดิต BANGKOK BANK M VISA ตั้งแต่ 10,000 บาทขึ้นไป / เซลล์สลิป",รับบัตรกำนัลห้างฯมูลค่า 200 บาท,รวม 500 สิทธิ์ ตลอดรายการ,,
6,,27 มี.ค. 67 -  30 มิ.ย. 67,แผนก PowerMall/Event Hall เดอะมอลล์ และเดอะมอลล์ไลฟ์สโตร์ ทุกสาขา เอ็มโพเรียม พารากอน และเอ็มสเฟียร์ ยกเว้น บลูพอร์ต หัวหิน,ผู้ถือบัตรเครดิต BANGKOK BANK M VISA ทุกประเภทบัตร,"เมื่อแบ่งชำระ 0% 6 เดือน หรือ 10 เดือน ผ่านบัตรเครดิต BANGKOK BANK M VISA ตั้งแต่ 25,000 บาทขึ้นไป / เซลล์สลิป",รับบัตรกำนัลห้างฯมูลค่า 600 บาท,รวม 500 สิทธิ์ ตลอดรายการ,,
7,,27 มี.ค. 67 -  30 มิ.ย. 67,แผนก PowerMall/Event Hall เดอะมอลล์ และเดอะมอลล์ไลฟ์สโตร์ ทุกสาขา เอ็มโพเรียม พารากอน และเอ็มสเฟียร์ ยกเว้น บลูพอร์ต หัวหิน,ผู้ถือบัตรเครดิต BANGKOK BANK M VISA ทุกประเภทบัตร,"เมื่อแบ่งชำระ 0% 6 เดือน หรือ 10 เดือน ผ่านบัตรเครดิต BANGKOK BANK M VISA ตั้งแต่ 50,000 บาทขึ้นไป / เซลล์สลิป","รับบัตรกำนัลห้างฯมูลค่า 1,500 บาท",รวม 100 สิทธิ์ ตลอดรายการ,,
8,,27 มี.ค. 67 -  30 มิ.ย. 67,แผนก PowerMall/Event Hall เดอะมอลล์ และเดอะมอลล์ไลฟ์สโตร์ ทุกสาขา เอ็มโพเรียม พารากอน และเอ็มสเฟียร์ ยกเว้น บลูพอร์ต หัวหิน,ผู้ถือบัตรเครดิต BANGKOK BANK M VISA ทุกประเภทบัตร,"เมื่อแบ่งชำระ 0% 6 เดือน หรือ 10 เดือน ผ่านบัตรเครดิต BANGKOK BANK M VISA ตั้งแต่ 80,000 บาทขึ้นไป / เซลล์สลิป","รับบัตรกำนัลห้างฯมูลค่า 2,600 บาท",รวม 40 สิทธิ์ ตลอดรายการ,,
9,,27 มี.ค. 67 -  30 มิ.ย. 67,แผนก PowerMall/Event Hall เดอะมอลล์ และเดอะมอลล์ไลฟ์สโตร์ ทุกสาขา เอ็มโพเรียม พารากอน และเอ็มสเฟียร์ ยกเว้น บลูพอร์ต หัวหิน,ผู้ถือบัตรเครดิต BANGKOK BANK M VISA ทุกประเภทบัตร,"เมื่อแบ่งชำระ 0% 6 เดือน หรือ 10 เดือน ผ่านบัตรเครดิต BANGKOK BANK M VISA ตั้งแต่ 100,000 บาทขึ้นไป / เซลล์สลิป","รับบัตรกำนัลห้างฯมูลค่า 3,500 บาท",รวม 35 สิทธิ์ ตลอดรายการ,,
10,,27 มี.ค. 67 -  30 มิ.ย. 67,แผนก PowerMall/Event Hall เดอะมอลล์ และเดอะมอลล์ไลฟ์สโตร์ ทุกสาขา เอ็มโพเรียม พารากอน และเอ็มสเฟียร์ ยกเว้น บลูพอร์ต หัวหิน,ผู้ถือบัตรเครดิต BANGKOK BANK M VISA ทุกประเภทบัตร,"เมื่อแบ่งชำระ 0% 6 เดือน หรือ 10 เดือน ผ่านบัตรเครดิต BANGKOK BANK M VISA ตั้งแต่ 200,000 บาทขึ้นไป / เซลล์สลิป","รับบัตรกำนัลห้างฯมูลค่า 7,500 บาท",รวม 25 สิทธิ์ ตลอดรายการ,,
